signal,phase,cost_bps_per_side,monthly_run_id,semiannual_run_id,monthly_total_return,semiannual_total_return,net_return_difference_pp,monthly_cagr,semiannual_cagr,cagr_difference_pp,monthly_max_drawdown,semiannual_max_drawdown,max_drawdown_difference_pp,monthly_turnover,semiannual_turnover,extra_two_sided_turnover,monthly_mean_cash_weight,semiannual_mean_cash_weight
12-1,"[1, 7]",0.0,M12-0bps,S12-01-07-0bps,6.320744159552981,5.467251945755927,85.3492213797054,0.08288467892047668,0.07752856298507216,0.5356115935404526,-0.30266992317089536,-0.47986247884568756,17.71925556747922,126.05143151650336,49.69807918569592,76.35335233080744,0.08253520224551474,0.0862018135548766
12-1,"[2, 8]",0.0,M12-0bps,S12-02-08-0bps,6.320744159552981,5.225275887678914,109.54682718740668,0.08288467892047668,0.07588621760405578,0.6998461316420901,-0.30266992317089536,-0.5079219618434856,20.525203867259023,126.05143151650336,47.13815494531433,78.91327657118903,0.08253520224551474,0.09339402855789182
12-1,"[3, 9]",0.0,M12-0bps,S12-03-09-0bps,6.320744159552981,6.8821921889406115,-56.14480293876305,0.08288467892047668,0.08609016450322837,-0.3205485582751688,-0.30266992317089536,-0.32610125657387146,2.3431333402976096,126.05143151650336,46.5059893419557,79.54544217454766,0.08253520224551474,0.08076545421793817
12-1,"[4, 10]",0.0,M12-0bps,S12-04-10-0bps,6.320744159552981,7.714121021671016,-139.33768621180346,0.08288467892047668,0.09045800126116443,-0.7573322340687749,-0.30266992317089536,-0.4342713842948227,13.160146112392734,126.05143151650336,49.238139424290274,76.81329209221309,0.08253520224551474,0.08598369030105371
12-1,"[5, 11]",0.0,M12-0bps,S12-05-11-0bps,6.320744159552981,7.506323359715889,-118.55792001629082,0.08288467892047668,0.08940578091242934,-0.652110199195266,-0.30266992317089536,-0.4500123560687298,14.734243289783445,126.05143151650336,49.073191941059775,76.97823957544358,0.08253520224551474,0.08620138603427334
12-1,"[6, 12]",0.0,M12-0bps,S12-06-12-0bps,6.320744159552981,5.476497669134117,84.42464904188638,0.08288467892047668,0.07759013906725132,0.5294539853225366,-0.30266992317089536,-0.4275667515759598,12.489682840506443,126.05143151650336,47.91904910500221,78.13238241150114,0.08253520224551474,0.06610512480862561
12-1,"[1, 7]",5.0,M12-5bps,S12-01-07-5bps,5.873592007254526,5.308516912012053,56.50750952424737,0.08015815793334946,0.07645800292230831,0.3700155011041151,-0.3031617345578783,-0.4800421466764092,17.68804121185309,126.02584545102133,49.685256772385294,76.34058867863604,0.08253520224551471,0.08620181355487659
12-1,"[2, 8]",5.0,M12-5bps,S12-02-08-5bps,5.873592007254526,5.080257594305533,79.3334412948993,0.08015815793334946,0.0748723200752015,0.5285837858147957,-0.3031617345578783,-0.5089177764298518,20.57560418719735,126.02584545102133,47.12743486423593,78.89841058678539,0.08253520224551471,0.09339402855789182
12-1,"[3, 9]",5.0,M12-5bps,S12-03-09-5bps,5.873592007254526,6.701008123526112,-82.74161162715856,0.08015815793334946,0.08508036114042716,-0.4922203207077702,-0.3031617345578783,-0.328110503081837,2.4948768523958664,126.02584545102133,46.49612789007634,79.52971756094499,0.08253520224551471,0.08076545421793814
12-1,"[4, 10]",5.0,M12-5bps,S12-04-10-5bps,5.873592007254526,7.502194575130806,-162.860256787628,0.08015815793334946,0.08938462502700051,-0.9226467093651047,-0.3031617345578783,-0.4342713842948227,13.11096497369444,126.02584545102133,49.22598004526648,76.79986540575484,0.08253520224551471,0.08598369030105371
12-1,"[5, 11]",5.0,M12-5bps,S12-05-11-5bps,5.873592007254526,7.300133262975658,-142.65412557211317,0.08015815793334946,0.08833702143773059,-0.8178863504381129,-0.3031617345578783,-0.4501957875020155,14.703405294413718,126.02584545102133,49.06136273440696,76.96448271661436,0.08253520224551471,0.08620138603427333
12-1,"[6, 12]",5.0,M12-5bps,S12-06-12-5bps,5.873592007254526,5.3231562936496895,55.04357136048368,0.08015815793334946,0.07655781181938659,0.3600346113962871,-0.3031617345578783,-0.42777105082978006,12.460931627190174,126.02584545102133,47.90748134892199,78.11836410209933,0.08253520224551471,0.0661051248086256
12-1,"[1, 7]",10.0,M12-10bps,S12-01-07-10bps,5.453754348102194,5.153657845169965,30.00965029322291,0.07743851770991617,0.07538836603077304,0.20501516791431307,-0.30489928301808167,-0.48022175463781036,17.53224716197287,126.00101027071621,49.672445158706864,76.32856511200934,0.08253520224551471,0.08620181355487659
12-1,"[2, 8]",10.0,M12-10bps,S12-02-08-10bps,5.453754348102194,4.938598229456834,51.51561186453604,0.07743851770991617,0.07385923854370047,0.35792791662156986,-0.30489928301808167,-0.509911471679864,20.501218866178228,126.00101027071621,47.11672356762581,78.8842867030904,0.08253520224551471,0.09339402855789183
12-1,"[3, 9]",10.0,M12-10bps,S12-03-09-10bps,5.453754348102194,6.523959842235254,-107.02054941330594,0.07743851770991617,0.08407132949029572,-0.6632811780379555,-0.30489928301808167,-0.33011390614417824,2.521462312609657,126.00101027071621,46.48647978601628,79.51453048469992,0.08253520224551471,0.08076545421793815
12-1,"[4, 10]",10.0,M12-10bps,S12-04-10-10bps,5.453754348102194,7.295398369576603,-184.16440214744085,0.07743851770991617,0.08831218052887424,-1.0873662818958074,-0.30489928301808167,-0.4342713842948227,12.937210127674103,126.00101027071621,49.21383090856806,76.78717936214815,0.08253520224551471,0.08598369030105371
12-1,"[5, 11]",10.0,M12-10bps,S12-05-11-10bps,5.453754348102194,7.098912796489094,-164.51584483868996,0.07743851770991617,0.08726915828024939,-0.9830640570333227,-0.30489928301808167,-0.45037915781186455,14.547987479378289,126.00101027071621,49.049745550921145,76.95126471979506,0.08253520224551471,0.08620138603427334
12-1,"[6, 12]",10.0,M12-10bps,S12-06-12-10bps,5.453754348102194,5.173420107246292,28.03342408559022,0.07743851770991617,0.07552629644959752,0.19122212603186473,-0.30489928301808167,-0.42797528200654134,12.307599898845966,126.00101027071621,47.896313475718664,78.10469679499755,0.08253520224551471,0.06610512480862558
12-1,"[1, 7]",25.0,M12-25bps,S12-01-07-25bps,4.3418993566164295,4.7113966495797746,-36.94972929633451,0.06932034063102543,0.07218491556451356,-0.2864574933488129,-0.31008742916133825,-0.4823612582110678,17.227382904972956,125.92997591411905,49.63471169336122,76.29526422075784,0.08253520224551471,0.0862018135548766
12-1,"[2, 8]",25.0,M12-25bps,S12-02-08-25bps,4.3418993566164295,4.533007505462817,-19.11081488463875,0.06932034063102543,0.07082487299421736,-0.15045323631919238,-0.31008742916133825,-0.5128798922675752,20.279246310623698,125.92997591411905,47.08471715187035,78.8452587622487,0.08253520224551471,0.09339402855789182
12-1,"[3, 9]",25.0,M12-25bps,S12-03-09-25bps,4.3418993566164295,6.01669207801873,-167.47927214023005,0.06932034063102543,0.08104879426727418,-1.1728453636248748,-0.31008742916133825,-0.3360892283553065,2.600179919396828,125.92997591411905,46.45815949951805,79.47181641460101,0.08253520224551471,0.08076545421793814
12-1,"[4, 10]",25.0,M12-25bps,S12-04-10-25bps,4.3418993566164295,6.704569130533951,-236.26697739175216,0.06932034063102543,0.08510042667644346,-1.578008604541803,-0.31008742916133825,-0.4342713842948227,12.418395513348447,125.92997591411905,49.17744482174234,76.75253109237671,0.08253520224551471,0.08598369030105374
12-1,"[5, 11]",25.0,M12-25bps,S12-05-11-25bps,4.3418993566164295,6.523877146936859,-218.19777903204294,0.06932034063102543,0.08407085288979865,-1.4750512258773218,-0.31008742916133825,-0.450929766650767,14.084233748942875,125.92997591411905,49.01572283746191,76.91425307665715,0.08253520224551471,0.08620138603427334
12-1,"[6, 12]",25.0,M12-25bps,S12-06-12-25bps,4.3418993566164295,4.7450017903350385,-40.310243371860906,0.06932034063102543,0.07243654966386437,-0.31162090328389347,-0.31008742916133825,-0.4285875674145735,11.850013825323524,125.92997591411905,47.86345386492085,78.0665220491982,0.08253520224551471,0.06610512480862558
mixed,"[1, 7]",0.0,MMIX-0bps,SMIX-01-07-0bps,5.2166432331594725,5.440971550825241,-22.43283176657682,0.07582650014306624,0.07735307417798731,-0.15265740349210688,-0.3219885062899327,-0.4820946363382561,16.01061300483234,137.22535610853157,52.33015717906383,84.89519892946774,0.07694835011285807,0.07258845725110448
mixed,"[2, 8]",0.0,MMIX-0bps,SMIX-02-08-0bps,5.2166432331594725,6.093542222438861,-87.68989892793888,0.07582650014306624,0.08151992849740597,-0.5693428354339725,-0.3219885062899327,-0.49520938320069674,17.322087691076405,137.22535610853157,44.4812182134809,92.74413789505067,0.07694835011285807,0.08053117583845149
mixed,"[3, 9]",0.0,MMIX-0bps,SMIX-03-09-0bps,5.2166432331594725,7.5823559724403875,-236.5712739280915,0.07582650014306624,0.08979361969731636,-1.3967119554250118,-0.3219885062899327,-0.3034308536452539,-1.855765264467879,137.22535610853157,48.83394570808895,88.39141040044262,0.07694835011285807,0.06750725795705266
mixed,"[4, 10]",0.0,MMIX-0bps,SMIX-04-10-0bps,5.2166432331594725,5.663903130642591,-44.725989748311875,0.07582650014306624,0.07882039216463,-0.2993892021563749,-0.3219885062899327,-0.4342713842948226,11.228287800488989,137.22535610853157,48.939171330782095,88.28618477774947,0.07694835011285807,0.1268395368154293
mixed,"[5, 11]",0.0,MMIX-0bps,SMIX-05-11-0bps,5.2166432331594725,3.9672281745209164,124.94150586385561,0.07582650014306624,0.06621445086106537,0.9612049282000878,-0.3219885062899327,-0.5328382718045199,21.084976551458723,137.22535610853157,54.28727685503885,82.93807925349273,0.07694835011285807,0.08664850595771752
mixed,"[6, 12]",0.0,MMIX-0bps,SMIX-06-12-0bps,5.2166432331594725,6.043783704294563,-82.714047113509,0.07582650014306624,0.08121544389686997,-0.5388943753803721,-0.3219885062899327,-0.4275667515759598,10.55782452860271,137.22535610853157,51.60149739013894,85.62385871839263,0.07694835011285807,0.03277926271475883
mixed,"[1, 7]",5.0,MMIX-5bps,SMIX-01-07-5bps,4.8044047496111215,5.27461673158483,-47.02119819737085,0.07287792004811866,0.07622602079400842,-0.33481007458897594,-0.32391241798919124,-0.4833079513857427,15.939553339655143,137.19681483036425,52.31643364524869,84.88038118511555,0.07694835011285804,0.07258845725110447
mixed,"[2, 8]",5.0,MMIX-5bps,SMIX-02-08-5bps,4.8044047496111215,5.93750781046126,-113.31030608501385,0.07287792004811866,0.08055814027765762,-0.7680220229538959,-0.32391241798919124,-0.4960621166974829,17.214969870829165,137.19681483036425,44.470488486776006,92.72632634358824,0.07694835011285804,0.08053117583845146
mixed,"[3, 9]",5.0,MMIX-5bps,SMIX-03-09-5bps,4.8044047496111215,7.375313362101599,-257.09086124904775,0.07287792004811866,0.08872963027761127,-1.585171022949261,-0.32391241798919124,-0.3034308536452538,-2.048156434393744,137.19681483036425,48.82503371631057,88.37178111405368,0.07694835011285804,0.06750725795705263
mixed,"[4, 10]",5.0,MMIX-5bps,SMIX-04-10-5bps,4.8044047496111215,5.502810633980396,-69.84058843692749,0.07287792004811866,0.07776492144605562,-0.4887001397936963,-0.32391241798919124,-0.4342713842948227,11.035896630563148,137.19681483036425,48.927043386543346,88.2697714438209,0.07694835011285804,0.12683953681542928
mixed,"[5, 11]",5.0,MMIX-5bps,SMIX-05-11-5bps,4.8044047496111215,3.834201641944351,97.02031076667703,0.07287792004811866,0.06505734181016609,0.7820578237952569,-0.32391241798919124,-0.5329940792055128,20.908166121632156,137.19681483036425,54.27431203708377,82.92250279328047,0.07694835011285804,0.0866485059577175
mixed,"[6, 12]",5.0,MMIX-5bps,SMIX-06-12-5bps,4.8044047496111215,5.864353238973232,-105.99484893621103,0.07287792004811866,0.08010004697824202,-0.7222126930123363,-0.32391241798919124,-0.42777105082977995,10.385863284058871,137.19681483036425,51.591387924620136,85.60542690574411,0.07694835011285804,0.03277926271475879
mixed,"[1, 7]",10.0,MMIX-10bps,SMIX-01-07-10bps,4.419496180174849,5.112535095796203,-69.30389156213543,0.06993737017901758,0.07509998209751778,-0.5162611918500204,-0.3258305665199801,-0.4845184266471104,15.868786012713032,137.1687943824921,52.3027216173392,84.86607276515291,0.07694835011285804,0.07258845725110448
mixed,"[2, 8]",10.0,MMIX-10bps,SMIX-02-08-10bps,4.419496180174849,5.784883752086214,-136.53875719113654,0.06993737017901758,0.07959706807044653,-0.9659697891428953,-0.3258305665199801,-0.4969135181423908,17.10829516224107,137.1687943824921,44.459767348476475,92.70902703401563,0.07694835011285804,0.08053117583845144
mixed,"[3, 9]",10.0,MMIX-10bps,SMIX-03-09-10bps,4.419496180174849,7.17321350784402,-275.3717327669171,0.06993737017901758,0.08766640293687633,-1.7729032757858754,-0.3258305665199801,-0.3034308536452538,-2.2399712874726307,137.1687943824921,48.816485146474506,88.3523092360176,0.07694835011285804,0.06750725795705266
mixed,"[4, 10]",10.0,MMIX-10bps,SMIX-04-10-10bps,4.419496180174849,5.345595900787915,-92.60997206130659,0.06993737017901758,0.07671037157209737,-0.6773001393079792,-0.3258305665199801,-0.4342713842948227,10.84408177748426,137.1687943824921,48.91492742816188,88.25386695433022,0.07694835011285804,0.12683953681542928
mixed,"[5, 11]",10.0,MMIX-10bps,SMIX-05-11-10bps,4.419496180174849,3.704715617945906,71.47805622289427,0.06993737017901758,0.06390128902996062,0.603608114905696,-0.3258305665199801,-0.5331498346880116,20.73192681680315,137.1687943824921,54.261357858411145,82.90743652408096,0.07694835011285804,0.0866485059577175
mixed,"[6, 12]",10.0,MMIX-10bps,SMIX-06-12-10bps,4.419496180174849,5.689454510633053,-126.99583304582038,0.06993737017901758,0.07898554908834798,-0.9048178909330407,-0.3258305665199801,-0.42797528200654134,10.214471548656123,137.1687943824921,51.581286465008844,85.58750791748326,0.07694835011285804,0.03277926271475879
mixed,"[1, 7]",25.0,MMIX-25bps,SMIX-01-07-25bps,3.4111910325012964,4.650850913155929,-123.96598806546324,0.0611633317740381,0.07172794256245418,-1.0564610788416084,-0.33155100925022885,-0.4881328852642699,15.658187601404105,137.08810491108952,52.2616544164366,84.82645049465292,0.07694835011285804,0.07258845725110448
mixed,"[2, 8]",25.0,MMIX-25bps,SMIX-02-08-25bps,3.4111910325012964,5.3467393823963265,-193.554834989503,0.0611633317740381,0.07671813186471632,-1.5554800090678222,-0.33155100925022885,-0.4994597528127589,16.790874356253006,137.08810491108952,44.42773023336479,92.66037467772472,0.07694835011285804,0.08053117583845146
mixed,"[3, 9]",25.0,MMIX-25bps,SMIX-03-09-25bps,3.4111910325012964,6.595410936588736,-318.4219904087439,0.0611633317740381,0.08448125820879859,-2.3317926434760494,-0.33155100925022885,-0.3034308536452538,-2.812015560497505,137.08810491108952,48.79114372953224,88.29696118155728,0.07694835011285804,0.06750725795705266
mixed,"[4, 10]",25.0,MMIX-25bps,SMIX-04-10-25bps,3.4111910325012964,4.896275361131697,-148.50843286304007,0.0611633317740381,0.07355206165054873,-1.238872987651063,-0.33155100925022885,-0.4342713842948227,10.272037504459385,137.08810491108952,48.88026683198049,88.20783807910902,0.07694835011285804,0.12683953681542928
mixed,"[5, 11]",25.0,MMIX-25bps,SMIX-05-11-25bps,3.4111910325012964,3.336568230366356,7.462280213494044,0.0611633317740381,0.06043938055880793,0.07239512152301675,-0.33155100925022885,-0.5336175240617268,20.206651481149795,137.08810491108952,54.223273731797846,82.86483117929167,0.07694835011285804,0.0866485059577175
mixed,"[6, 12]",25.0,MMIX-25bps,SMIX-06-12-25bps,3.4111910325012964,5.190827591136104,-177.96365586348077,0.0611633317740381,0.07564744105231092,-1.4484109278272816,-0.33155100925022885,-0.4285875674145734,9.703655816434454,137.08810491108952,51.55103002706605,85.53707488402347,0.07694835011285804,0.03277926271475879
